0,1,Actual_Churn,Churn_Probability,Predicted_Churn
0.005037783375314861,0.0011081385834694143,,0.5974771,1
0.0327455919395466,0.006041258088507157,,0.17845185,0
0.0025188916876574307,0.0019927423385963476,,0.6591475,1
0.0025188916876574307,0.00035426147970624074,,0.67783797,1
0.0,0.0004972087923561451,,0.73954785,1
0.0025188916876574307,0.0011849566275821807,,0.6684285,1
0.05037783375314861,0.008798893338223205,,0.09788793,0
0.007556675062972292,0.0020458591846935904,,0.50915134,1
0.0,0.0012480393368972799,1.0,0.7323694,1
0.005037783375314861,0.001049944138668773,,0.59819746,1
0.020151133501259445,0.0026953959381516806,,0.2696299,0
0.0025188916876574307,0.0007044953048477523,,0.67388785,1
0.0,5.809117160667392e-05,0.0,0.7435874,1
0.0,0.0012924468103032705,,0.73193336,1
0.0,0.00021687370733158262,0.0,0.7421322,1
0.0,0.00032391637287881376,1.0,0.7411481,1
0.0,0.0015724892879449253,,0.72917277,1
0.020151133501259445,0.010672544471976122,1.0,0.24909,0
0.005037783375314861,0.0013490405205974169,,0.5944907,1
0.0025188916876574307,0.0004612869330544773,,0.67663354,1
0.007556675062972292,0.002152660879454898,,0.50777704,1
0.010075566750629723,0.001062233648750896,,0.44670814,0
0.0,0.00039369462760280077,,0.74050534,1
0.0,0.00018645975170817732,1.0,0.7424113,1
0.012594458438287152,0.002600866541273502,,0.3642968,0
0.007556675062972292,0.0011523739348854594,,0.52064085,1
0.007556675062972292,0.001202874526735528,,0.5199919,1
0.012594458438287152,0.004008703933636369,,0.3530247,0
0.020151133501259445,0.0018756993854332712,,0.27204475,0
0.0,0.0006371783945799888,0.0,0.7382455,1
0.0025188916876574307,0.0023361084963390254,1.0,0.6551646,1
0.0,0.00011403081833902658,,0.7430753,1
0.005037783375314861,0.003076508448289451,,0.57288295,1
0.007556675062972292,0.003334639796611018,0.0,0.49262536,0
0.0025188916876574307,0.001043300229856869,,0.6700429,1
0.0,0.0006823776291397296,,0.737824,1
0.007556675062972292,0.001905528126290861,,0.51095676,1
0.007556675062972292,0.0021064117007564883,0.0,0.5083722,1
0.0,0.00014535702050914406,,0.74278826,1
0.005037783375314861,0.0005829771799460876,,0.6039622,1
0.020151133501259445,0.0019669756767014763,,0.27177516,0
0.017632241813602016,0.0029853010058172244,,0.29080194,0
0.0025188916876574307,0.0011249032652901256,,0.66911334,1
0.005037783375314861,0.0002500932513911028,,0.60805416,1
0.022670025188916875,0.004208193319983436,0.0,0.24600314,0
0.0,0.00012530480868046996,,0.742972,1
0.0,0.0006097421493826441,,0.7385011,1
0.0025188916876574307,0.0013512608942677163,0.0,0.6665281,1
0.010075566750629723,0.003354141218071866,,0.41987428,0
0.06801007556675064,0.019275666258835086,,0.04727011,0
0.0025188916876574307,0.0003487019394309946,,0.67790055,1
0.012594458438287152,0.0026654811362991178,,0.36377606,0
0.0,0.0006324622520554765,,0.7382895,1
0.0025188916876574307,0.001509888520201674,,0.6647104,1
0.0025188916876574307,0.001509286093236864,,0.6647173,1
0.0327455919395466,0.005002691213373795,,0.18029894,0
0.035264483627204024,0.0056051353903827416,,0.16559494,0
0.015113350125944586,0.005053157380825875,,0.3081168,0
0.015113350125944586,0.0016162254855901278,,0.32661298,0
0.012594458438287152,0.001761289898716364,,0.37153095,0
0.0,0.0004283083597808811,,0.7401861,1
0.0,0.0001332224202179722,,0.7428995,1
0.0025188916876574307,0.00042813623779093546,,0.67700684,1
0.015113350125944586,0.005107238110066814,1.0,0.30789852,0
0.0025188916876574307,0.0016029720923643087,,0.66364145,1
0.0,0.002285143175116104,0.0,0.7219764,1
0.020151133501259445,0.0036403284507545816,,0.26686293,0
0.017632241813602016,0.004272446458830167,,0.28638947,0
0.017632241813602016,0.007358576526357582,,0.27652,0
0.0,0.0003995467752609546,1.0,0.7404514,1
0.022670025188916875,0.0034652115381838262,,0.24772176,0
0.0025188916876574307,0.00013640667703196765,1.0,0.6802824,1
0.163727959697733,0.017826536801084245,,0.0013751533,0
0.0,2.2806163667805313e-05,,0.74390996,1
0.015113350125944586,0.004732958842929888,,0.30941096,0
0.0579345088161209,0.026978521189482057,,0.062385768,0
0.012594458438287152,0.007588531504925038,,0.32936916,0
0.005037783375314861,0.0003884965435064406,,0.60635465,1
0.015113350125944586,0.004667139393974653,,0.30967736,0
0.012594458438287152,0.004253960557109998,1.0,0.35110402,0
0.0,0.0008697152029966301,0.0,0.73603487,1
0.010075566750629723,0.0020593535487053337,,0.43479934,0
0.0025188916876574307,0.0007710720905587492,,0.6731341,1
0.012594458438287152,0.0025007776041200773,,0.36510402,0
0.005037783375314861,0.00016988440407640637,0.0,0.6090379,1
0.015113350125944586,0.0030273848323589475,,0.31807423,0
0.0025188916876574307,0.001996098717400289,,0.65910864,1
0.010075566750629723,0.0025894548533401023,,0.42853805,0
0.0025188916876574307,0.0008318311530095815,0.0,0.6724454,1
0.0025188916876574307,0.0015330217156503763,,0.6644449,1
0.0,0.0007622766568725238,0.0,0.7370649,1
0.0025188916876574307,0.0007464414337975194,,0.67341304,1
0.0025188916876574307,0.0005232680616339241,,0.675935,1
0.0,2.3924956602452365e-05,1.0,0.74389976,1
0.012594458438287152,0.004140033011964939,,0.35198125,0
0.0,0.0002593189900521924,,0.74174225,1
0.0025188916876574307,0.002308947646325594,,0.6554804,1
0.0,0.00013537394509229345,,0.74287975,1
0.0,0.0008400585841289859,,0.7363194,1
0.3904282115869017,0.5394886142078199,,7.664014e-10,0
0.010075566750629723,0.0029162973000479925,1.0,0.4248293,0
0.022670025188916875,0.0060897104286768726,0.0,0.24168698,0
0.0025188916876574307,0.001805817857515317,0.0,0.6613063,1
0.0025188916876574307,0.0006035801821425881,,0.67502856,1
0.005037783375314861,0.0021026594413756723,,0.585104,1
0.005037783375314861,0.0012726011448625312,,0.5954391,1
0.0,0.0006100003323675626,1.0,0.7384987,1
0.005037783375314861,0.0009749505876494313,0.0,0.59912515,1
0.0025188916876574307,0.0010542644006164101,,0.66991806,1
0.0025188916876574307,0.0014435010686796171,0.0,0.6654717,1
0.012594458438287152,0.0026052556520171177,0.0,0.36426142,0
0.0,0.0007159414171791414,,0.7375083,1
0.010075566750629723,0.003121897017038132,,0.4225006,0
0.012594458438287152,0.004849244459337204,,0.34673253,0
0.005037783375314861,0.00052103047576463,,0.60472476,1
0.010075566750629723,0.005786930636163391,,0.39266148,0
0.005037783375314861,0.0018382284282220922,,0.5884051,1
0.015113350125944586,0.004153561800374671,,0.31199098,0
0.0,0.00013172495890544458,,0.7429132,1
0.0025188916876574307,0.0010658654227387503,,0.669786,1
0.007556675062972292,0.000508499994896583,,0.52890766,1
0.027707808564231738,0.014287966870785561,1.0,0.19244343,0
0.010075566750629723,0.004550630018980408,,0.4064186,0
0.0,0.0005761095125472542,,0.73881423,1
0.0,4.621475430042058e-05,0.0,0.743696,1
0.0,0.0009915947840771807,,0.7348633,1
0.0,0.00019794028843755557,,0.742306,1
0.0025188916876574307,0.0007045469414447359,,0.67388725,1
0.0025188916876574307,0.0008557388974130393,,0.6721743,1
0.09319899244332494,0.043229797538583255,,0.014480248,0
0.017632241813602016,0.004378439180238729,,0.2860279,0
0.012594458438287152,0.006249904364719336,,0.3376113,0
0.0025188916876574307,0.0025117589870786126,0.0,0.6531186,1
0.0025188916876574307,0.00025778710434167564,,0.6789217,1
0.0025188916876574307,0.0006819473241648654,,0.67414284,1
0.0,0.0004057603790979944,1.0,0.7403941,1
0.005037783375314861,0.0013975272851651209,,0.59388876,1
0.0025188916876574307,0.001139499210037521,,0.668947,1
0.02518891687657431,0.003436002436490041,,0.23015448,0
0.012594458438287152,0.003608262124027698,,0.3562149,0
0.0,0.0007330847673777331,,0.7373443,1
0.0,0.0003186494399864753,,0.74119663,1
0.010075566750629723,0.0018970080877885487,1.0,0.4367335,0
0.0,0.00031792652762870343,,0.7412033,1
0.0025188916876574307,0.0010479647357843976,0.0,0.6699897,1
0.010075566750629723,0.0036073154530829963,,0.4170164,0
0.007556675062972292,0.001334461788049016,,0.51830065,1
0.0,0.00018995382810407506,,0.74237925,1
0.005037783375314861,0.0011130440601828668,,0.5974164,1
0.0,0.00034512180204012403,1.0,0.7409529,1
0.027707808564231738,0.005923698769374245,,0.20844418,0
0.007556675062972292,0.0013506584673029065,0.0,0.5180925,1
0.0,0.0007671477091879871,,0.7370182,1
0.005037783375314861,0.0006975932130509296,,0.60254985,1
0.0,0.0001724662339255919,,0.7425397,1
0.03778337531486146,0.017480519964696403,,0.13610281,0
0.047858942065491177,0.019922948214224887,1.0,0.09503978,0
0.0,0.0009533320657122514,0.0,0.73523146,1
0.005037783375314861,0.0013300038285094225,,0.594727,1
0.012594458438287152,0.0019218452909377135,,0.3700875,0
0.005037783375314861,0.0020249807873131773,,0.5860745,1
0.0,0.0005594825283184996,,0.73896897,1
0.010075566750629723,0.005964973622563223,,0.3906937,0
0.010075566750629723,0.0019795750063655014,,0.43574956,0
0.022670025188916875,0.006543372357576755,,0.24065407,0
0.07052896725440806,0.01205353083390746,,0.04683027,0
0.04030226700251889,0.019144027360924614,,0.12338948,0
0.0025188916876574307,0.0013309504994541237,1.0,0.6667605,1
0.012594458438287152,0.00188936587143496,1.0,0.37037668,0
0.020151133501259445,0.003464746808810973,,0.26737574,0
0.012594458438287152,0.0030344590461457164,,0.36080858,0
0.007556675062972292,0.00041415993220734456,,0.5301177,1
0.0,0.0001840844682469267,,0.7424331,1
0.0025188916876574307,0.0006858200689386438,,0.6740991,1
0.13350125944584382,0.035098410489568466,,0.0034945167,0
0.0,0.0003326257455700662,,0.74106795,1
0.022670025188916875,0.003705820867928921,,0.24716432,0
0.0,0.0019316390321656239,0.0,0.72557056,1
0.02518891687657431,0.004333429279867928,,0.22818212,0
0.0,0.00016342982945344263,0.0,0.7426226,1
0.012594458438287152,0.002700249778268149,,0.36349598,0
0.007556675062972292,0.0008095757797096024,0.0,0.5250437,1
0.015113350125944586,0.004924788800724371,,0.30863526,0
0.017632241813602016,0.0018372129084814125,0.0,0.29477134,0
0.012594458438287152,0.003522183916855853,,0.35690236,0
0.010075566750629723,0.011695637580213365,0.0,0.34351316,0
0.005037783375314861,0.000801623743774111,,0.6012665,1
0.005037783375314861,0.0018706906355258513,,0.5880002,1
0.0025188916876574307,0.001465171227213781,,0.66522336,1
0.012594458438287152,0.004929763126233802,,0.34617165,0
0.0,0.0007561319018314623,,0.7371237,1
0.0025188916876574307,0.0010383259043474384,,0.6700995,1
0.022670025188916875,0.003134823378483054,,0.24858287,0
0.007556675062972292,0.0018486934452107908,,0.511688,1
0.035264483627204024,0.013861001062526256,,0.1527571,0
0.0,0.0009009725563707694,,0.7357347,1
0.06297229219143577,0.022394878172830063,,0.054670528,0
0.020151133501259445,0.011865418711095805,,0.246399,0
0.0025188916876574307,0.0027436417319334607,0.0,0.650409,1
0.0025188916876574307,0.005488608803189503,0.0,0.6176331,1
0.015113350125944586,0.0064728884026939906,,0.3028009,0
0.0,0.00015542615692096755,,0.7426959,1
0.0,0.00022900830762275453,,0.7420207,1
0.007556675062972292,0.0008568404781486917,,0.52443695,1
0.017632241813602016,0.008182765463013575,,0.27417338,0
0.0,0.000347686419690315,,0.74092925,1
0.012594458438287152,0.0014998710203868344,,0.37400317,0
0.017632241813602016,0.001781755203320908,,0.2949639,0
0.0025188916876574307,0.0012126166313664547,1.0,0.66811275,1
0.007556675062972292,0.0025891450337582,,0.5021596,1
0.0025188916876574307,0.0010814768872268255,,0.6696082,1
0.020151133501259445,0.003456330043502628,,0.26740035,0
0.007556675062972292,0.003543854075390017,,0.4900359,0
0.012594458438287152,0.004806248386248767,,0.34703216,0
0.005037783375314861,0.0006415158687266203,,0.6032411,1
0.0025188916876574307,0.0011600505756370377,,0.6687126,1
0.010075566750629723,0.0032938296727948926,,0.42055592,0
0.005037783375314861,0.002023638235791601,,0.5860913,1
0.0025188916876574307,0.00024296740100735088,,0.679088,1
0.03778337531486146,0.006218182281972343,,0.15196402,0
0.0,0.00017396369523811948,,0.74252594,1
0.0,0.0006539775007986891,1.0,0.7380889,1
0.020151133501259445,0.007542781479997472,,0.25644493,0
0.0327455919395466,0.012738576353891348,,0.16717084,0
0.1385390428211587,0.023668202230050367,,0.0033087768,0
0.0,0.0008452910926233353,,0.73626924,1
0.005037783375314861,0.0011104278059356923,,0.59744877,1
0.03778337531486146,0.005906796389961577,1.0,0.15242784,0
0.04534005037783375,0.023007735730230728,1.0,0.10048763,0
0.0,0.0003660174116195321,,0.74076045,1
0.37783375314861456,0.9098347217524965,0.0,1.8248292e-11,0
0.005037783375314861,0.001414928818348631,,0.5936727,1
0.015113350125944586,0.0029248173385503047,,0.31869084,0
0.0,0.0002417453348787363,1.0,0.7419038,1
0.0025188916876574307,0.0019341348010198367,,0.659825,1
0.0025188916876574307,0.0015214206935280359,,0.6645781,1
0.0,0.0004343670538269698,,0.7401302,1
0.005037783375314861,0.0004675693856874954,,0.6053825,1
0.0025188916876574307,0.0006924811899495423,,0.67402375,1
0.0025188916876574307,0.002184314113405912,0.0,0.65692806,1
0.005037783375314861,0.001165042113345463,0.0,0.5967723,1
0.0025188916876574307,0.0013570097687319027,,0.6664623,1
0.005037783375314861,0.0012488827346480136,,0.59573317,1
0.0,0.001579425804139737,,0.72910416,1
0.0025188916876574307,0.0004364497299053127,,0.67691326,1
0.0,0.0003199403549110681,1.0,0.7411847,1
0.0,0.0001154077942585922,,0.7430627,1
0.012594458438287152,0.0028332312277001975,0.0,0.3624256,0
0.017632241813602016,0.0026915231933779026,1.0,0.29181463,0
0.0,0.0007772168455998107,,0.7369218,1
0.0,0.00033133483064547343,,0.74107987,1
0.0025188916876574307,0.00032377867528685724,0.0,0.6781806,1
0.02518891687657431,0.005312614068470024,,0.22604372,0
0.012594458438287152,0.00578474468689108,,0.3405686,0
0.035264483627204024,0.007298161707886641,1.0,0.16282222,0
0.0025188916876574307,0.0006471442577978448,,0.67453635,1
0.0,0.00044338624610012453,,0.740047,1
0.0,0.0003917324369174197,,0.74052346,1
0.005037783375314861,0.0019913997870747713,,0.58649385,1
0.0025188916876574307,0.0012291231302022474,1.0,0.6679243,1
0.03778337531486146,0.01595870339059149,,0.13804847,0
0.020151133501259445,0.009854104409784315,,0.25100017,0
0.0,1.5490979095113046e-05,,0.74397683,1
0.0,0.0004468803224960222,0.0,0.7400147,1
0.005037783375314861,0.002591021163448608,,0.5789875,1
0.007556675062972292,0.0021637627478063954,,0.50763416,1
0.020151133501259445,0.010274787765410603,,0.25001746,0
0.0025188916876574307,0.0005113400077306871,,0.67606944,1
0.0,0.0007400729201695284,,0.73727745,1
0.035264483627204024,0.016124319169317242,,0.149493,0
0.0,0.0004394962891273516,,0.74008286,1
0.0025188916876574307,0.0008061849765076721,,0.67273617,1
0.012594458438287152,0.0017152300542068947,0.0,0.371966,0
0.017632241813602016,0.007313704323578738,,0.27665636,0
0.0025188916876574307,0.0010786540865917159,,0.6696403,1
0.010075566750629723,0.001064161415038288,,0.44668505,0
0.015113350125944586,0.0031279212866862313,,0.31747043,0
0.0,0.0006925156143475314,,0.73772943,1
0.017632241813602016,0.002662555062470041,,0.29191458,0
0.005037783375314861,0.0029755072645893136,0.0,0.57415485,1
0.012594458438287152,0.004463433018873916,,0.34952393,0
0.0025188916876574307,0.0006968875128921522,,0.67397386,1
0.017632241813602016,0.003402524709445602,,0.28936726,0
0.02518891687657431,0.005451499302157209,,0.22574152,0
0.047858942065491177,0.012940217265112738,,0.10207734,0
0.0,0.0007683697753166016,,0.73700655,1
0.0,0.0003916980125194306,0.0,0.74052376,1
0.0,0.0005501707286624371,1.0,0.7390555,1
0.007556675062972292,0.0014775467982908767,,0.51646125,1
0.0,0.0005351616911391721,,0.7391951,1
0.02518891687657431,0.00417581717367465,0.0,0.22852767,0
0.012594458438287152,0.023963133259822328,,0.27625352,0
0.0,0.00028813221116910263,1.0,0.7414774,1
0.09068010075566751,0.0195812000031877,0.0,0.020652626,0
0.0,0.0001323445980692491,,0.7429075,1
0.0,0.0021423507722571505,,0.7234317,1
0.0,0.0005780717032326351,1.0,0.73879594,1
0.012594458438287152,0.002207498945451598,1.0,0.36754826,0
0.005037783375314861,0.001984532119675938,,0.58657956,1
0.005037783375314861,0.001262170552271822,,0.5955684,1
0.0025188916876574307,0.0003513009814791747,,0.6778713,1
0.0,0.0011277432781242299,,0.7335486,1
0.0025188916876574307,0.0009754669536192685,,0.6708145,1
0.0025188916876574307,0.00047639924377170987,,0.67646325,1
0.005037783375314861,0.0015348462087438005,,0.5921825,1
0.0025188916876574307,0.0005938208653126668,,0.6751387,1
0.0025188916876574307,0.0011036461995318318,,0.66935563,1
0.017632241813602016,0.0041237330595170815,0.0,0.2868972,0
0.0,0.00023224420103373368,1.0,0.74199104,1
0.0025188916876574307,0.002080799948652568,,0.65812814,1
0.0,0.0009300267482736036,,0.7354555,1
0.08816120906801007,0.020047220290965683,,0.022535887,0
0.03778337531486146,0.0037078863318082697,,0.15579914,0
0.0,0.00046145905504442307,,0.7398797,1
0.027707808564231738,0.00919441245891943,,0.20200256,0
0.0,0.0005783298862175537,0.0,0.7387935,1
0.0,0.0005316331903452852,,0.7392279,1
0.012594458438287152,0.003931180189364826,,0.3536413,0
0.012594458438287152,0.0033214896765791663,,0.35850745,0
0.007556675062972292,0.0006511547001635796,1.0,0.5270773,1
0.015113350125944586,0.004062319933504455,,0.31244218,0
0.0,0.00026381137398977516,,0.741701,1
0.05289672544080604,0.02823902215845141,,0.07354349,0
0.007556675062972292,0.0013474053616929326,,0.5181343,1
0.015113350125944586,0.0012926361444922107,1.0,0.3285876,0
0.05541561712846347,0.02444512646826727,1.0,0.06996781,0
0.0,0.0003793396536413293,,0.74063766,1
0.012594458438287152,0.0025878713310326018,,0.36440155,0
0.0,2.9691043265633336e-05,,0.7438471,1
0.020151133501259445,0.011388847345334149,,0.2474419,0
0.0,0.0004099085190556857,,0.74035585,1
0.0025188916876574307,0.0017154366005948294,,0.66234773,1
0.015113350125944586,0.002186396789484255,,0.32314867,0
0.015113350125944586,0.0016948335983983291,0.0,0.32613423,0
0.0,0.0005604464114621955,,0.73895997,1
0.010075566750629723,0.0028625780269859397,,0.4254383,0
0.0025188916876574307,0.002366074934788572,0.0,0.6548159,1
0.012594458438287152,0.005230305332877989,,0.3441724,0
0.0025188916876574307,0.0006553889011162438,,0.6744431,1
0.007556675062972292,0.00754563870503057,,0.44160262,0
0.0025188916876574307,0.0004803924739384501,,0.6764183,1
0.005037783375314861,0.00048479879688106004,,0.60517055,1
0.0327455919395466,0.006709762685257264,,0.17727074,0
0.0025188916876574307,0.0011565564992411402,,0.66875243,1
0.0,0.0006146476260960966,,0.7384554,1
0.010075566750629723,0.0020969449913094745,,0.43435177,0
0.0,0.0004192375309107427,1.0,0.7402698,1
0.0,0.0005278637187654744,,0.73926294,1
0.007556675062972292,0.0008735190989744301,,0.52422273,1
0.007556675062972292,0.001060357519060488,,0.52182305,1
0.007556675062972292,0.0012915517759555528,,0.51885223,1
0.010075566750629723,0.002775966241645263,1.0,0.42642063,0
0.0025188916876574307,0.0008963941114382136,,0.6717129,1
0.0,4.5354144350692085e-05,,0.74370384,1
0.0,0.0002178548026742731,0.0,0.7421231,1
0.005037783375314861,0.002411308593746302,,0.58124125,1
0.0,0.000251728410295587,,0.741812,1
0.010075566750629723,0.0018364727839246461,,0.43745524,0
0.027707808564231738,0.0061856340136736115,,0.20792277,0
0.010075566750629723,0.00818094096992015,,0.36953977,0
0.027707808564231738,0.0037858059566566885,,0.21273576,0
0.0025188916876574307,0.00012676784559500842,,0.68039036,1
0.03778337531486146,0.005512705881781901,,0.15301651,0
0.0,0.000523595093414821,,0.73930264,1
0.0025188916876574307,0.0016389283760639658,,0.66322815,1
0.03778337531486146,0.009810557546328055,,0.14669654,0
0.030226700251889168,0.015298357376164811,,0.17653622,0
0.005037783375314861,0.0021006284018943128,1.0,0.5851294,1
0.26700251889168763,0.20269063160146997,,3.4598768e-06,0
0.0025188916876574307,0.0005205657463917767,,0.6759654,1
0.005037783375314861,0.0025629997034854477,,0.57933915,1
0.015113350125944586,0.005508609378421193,0.0,0.30630383,0
0.0025188916876574307,0.0011366247728054279,,0.66897976,1
0.010075566750629723,0.0014755329710085122,0.0,0.44176382,0
0.012594458438287152,0.0024956483688196953,,0.36514542,0
0.007556675062972292,0.0005484839331609693,,0.5283947,1
0.0,0.0003760349114343719,,0.7406682,1
0.030226700251889168,0.011952977167381184,,0.18207164,0
0.0025188916876574307,0.002614533027275191,,0.6519189,1
0.0,0.000522476300480174,,0.739313,1
0.0025188916876574307,0.0012181933838406953,0.0,0.6680491,1
0.030226700251889168,0.004732562962353013,1.0,0.19536775,0
0.005037783375314861,0.0011361084068355906,,0.5971308,1
0.0,8.304886014880049e-05,,0.74335897,1
0.0,0.0006330818912192811,,0.73828363,1
0.0,0.0018514301848509276,,0.726382,1
0.005037783375314861,0.0009538828560800778,,0.5993856,1
0.0,0.00026498180352140595,,0.7416902,1
0.0,0.00034519065083610234,,0.74095225,1
0.11586901763224182,0.015463319091328772,,0.008515388,0
0.020151133501259445,0.006372420797162686,,0.2592313,0
0.0025188916876574307,0.0010009237959322376,,0.670525,1
0.017632241813602016,0.002776930124788959,,0.29152,0
0.015113350125944586,0.004759310719590575,1.0,0.30930433,0
0.020151133501259445,0.003982352056975683,,0.2658659,0
0.005037783375314861,0.0016128691067861867,,0.59121203,1
0.005037783375314861,0.00214517357289226,,0.58457255,1
0.0,0.0003815083907146452,,0.7406177,1
0.005037783375314861,0.0012685562780988073,,0.59548926,1
0.017632241813602016,0.006900938579489953,,0.2779124,0
0.0,0.00018916206695032483,,0.7423865,1
0.030226700251889168,0.009970630996977555,0.0,0.18561241,0
0.007556675062972292,0.002782300330875265,,0.4996735,0
0.012594458438287152,0.0032908519623688318,,0.3587528,0
0.012594458438287152,0.004683594256213461,,0.3478877,0
0.027707808564231738,0.00840115384385668,,0.20355116,0
0.022670025188916875,0.0025516224399500373,,0.25012684,0
0.0,0.00013984911683088166,,0.74283874,1
0.022670025188916875,0.006274896477659452,0.0,0.24126498,0
0.02518891687657431,0.008917795208877694,,0.21841475,0
0.0,0.00033012997671585356,1.0,0.74109095,1
0.012594458438287152,0.002847104260089821,,0.36231402,0
0.0025188916876574307,0.0008612812254892907,,0.6721114,1
0.0025188916876574307,0.0008490605642031461,,0.67225003,1
0.0025188916876574307,0.0007458045824347203,0.0,0.67342025,1
0.0,0.000338598378621182,,0.741013,1
0.0,0.0005161594234491667,1.0,0.7393717,1
0.0,0.00038763593355671213,,0.74056125,1
0.0,0.00022875012463783597,0.0,0.7420231,1
0.007556675062972292,0.0008039473906383779,,0.5251161,1
0.10579345088161209,0.026513430360449782,,0.010899925,0
0.0,0.00041490005676411105,,0.74030983,1
0.005037783375314861,0.0013920365936858528,1.0,0.59395695,1
0.007556675062972292,0.0009262744888927873,,0.52354527,1
0.0,0.0002471671775620259,,0.74185395,1
0.010075566750629723,0.002716239911134105,1.0,0.4270984,0
0.2896725440806045,0.02702461545838952,1.0,1.0682319e-05,0
0.0,0.00039696494541176903,,0.74047524,1
0.005037783375314861,0.006358702674564013,,0.53111994,1
0.0025188916876574307,0.0017415819308675814,1.0,0.6620467,1
0.0,0.0003013856043949216,,0.7413554,1
0.017632241813602016,0.0031364929617855274,,0.29028156,0
0.0,0.00028859694054195607,,0.7414731,1
0.02518891687657431,0.006165891621426839,,0.22419047,0
0.04030226700251889,0.006808698405078053,,0.1393781,0
0.005037783375314861,0.001579219257751802,,0.5916307,1
0.012594458438287152,0.0018902781179816722,,0.37036857,0
0.0025188916876574307,0.0006771279084463857,1.0,0.6741973,1
0.05289672544080604,0.019733923844866517,1.0,0.080096215,0
0.005037783375314861,0.0013898506444135425,0.0,0.5939841,1
0.020151133501259445,0.0059495170678660995,,0.26029688,0
0.0,0.0003368943709207196,,0.74102867,1
0.1309823677581864,0.029747809097917428,,0.004090398,0
0.0579345088161209,0.0077881585888640616,1.0,0.076410145,0
0.0,0.0008813162251189703,,0.73592347,1
0.0,0.0005411515363892824,1.0,0.73913944,1
0.007556675062972292,0.0012423420990300771,,0.51948464,1
0.0,0.004507411908524942,0.0,0.69848776,1
0.010075566750629723,0.0020594912462972904,,0.43479767,0
0.012594458438287152,0.0011826157685189192,,0.37701225,0
0.0,0.0,,0.7441184,1
0.0025188916876574307,0.0005587940403587166,,0.6755341,1
0.02518891687657431,0.005457988301178163,1.0,0.22572742,0
0.0,0.00023131474228802688,1.0,0.74199957,1
0.0025188916876574307,0.0009337617954554252,,0.6712885,1
0.007556675062972292,0.003706905236465579,,0.4880182,0
0.0,0.0007081959276315847,,0.73758245,1
0.005037783375314861,0.0005803781378979076,,0.60399413,1
0.005037783375314861,0.001761616930497261,,0.58935994,1
0.08060453400503778,0.01672495606543176,,0.030863928,0
0.005037783375314861,0.0014389054115480672,,0.59337485,1
0.0,0.00020014344990886053,,0.7422857,1
0.13350125944584382,0.06033686442169447,,0.0026333332,0
0.0,0.0003337445385047133,,0.74105763,1
0.030226700251889168,0.006824499203755068,,0.19142723,0
0.0,0.00016704439124230232,1.0,0.7425894,1
0.010075566750629723,0.001409369278073385,,0.44255456,0
0.05541561712846347,0.009112172572123375,,0.08217508,0
0.015113350125944586,0.017039199182475626,1.0,0.27253792,0
0.0,0.00041018391423959885,,0.74035335,1
0.017632241813602016,0.0031891450785099173,,0.29010049,0
0.007556675062972292,0.001228331369048497,1.0,0.5196647,1
0.0025188916876574307,0.01639690876479425,0.0,0.48207146,0
0.0,0.00012263691783631162,1.0,0.74299645,1
0.015113350125944586,0.0035473653639849093,,0.31510562,0
0.027707808564231738,0.007426599136784122,,0.20546563,0
0.010075566750629723,0.003091861729792607,,0.42284057,0
0.0,0.00035040594713145706,,0.7409043,1
0.020151133501259445,0.001258315019697038,0.0,0.2738937,0
0.010075566750629723,0.0013533091459480703,,0.44322482,0
0.03778337531486146,0.01469890812178092,,0.1397726,0
0.0,0.00015422130299134766,,0.742707,1
0.10831234256926953,0.06715470250443864,,0.006314879,0
0.0,0.0004025244856870152,,0.7404239,1
0.0025188916876574307,0.0005920996454132098,,0.6751582,1
0.012594458438287152,0.0027543649319070776,1.0,0.36306024,0
0.005037783375314861,0.0009642101754768198,1.0,0.59925795,1
0.0025188916876574307,0.000943658809877303,,0.6711761,1
0.0,8.22915233930394e-05,,0.7433659,1
0.0,0.00024140109089884496,,0.7419069,1
0.005037783375314861,0.0011093434373990344,,0.5974622,1
0.0,0.0007730687056421193,0.0,0.7369616,1
0.030226700251889168,0.009419806204753325,,0.18662053,0
0.005037783375314861,0.0028986203716805693,,0.57512236,1
0.007556675062972292,0.0032956885902863057,,0.4931075,0
0.0025188916876574307,0.001094265551079791,,0.66946244,1
0.007556675062972292,0.0013306768254901101,,0.5183493,1
0.0025188916876574307,0.0003968960966157908,1.0,0.6773585,1
0.005037783375314861,0.001738363249655597,,0.5896497,1
0.007556675062972292,0.003988686146205685,,0.4845322,0
0.0025188916876574307,0.0005814969308325546,,0.67527795,1
0.0,0.00028379473702247097,0.0,0.74151725,1
0.0,0.0004405118088680313,,0.74007356,1
0.012594458438287152,0.002765724983243494,,0.36296883,0
0.0,0.0005447660981781422,,0.7391058,1
0.005037783375314861,0.0011544221865658134,1.0,0.5969039,1
0.0654911838790932,0.01794969008489039,0.0,0.05249041,0
0.0,0.0003889956972772831,,0.7405487,1
0.0,0.0002722797758951036,,0.74162316,1
0.0,0.00026536047189928643,,0.7416867,1
0.0,0.00043873895237159054,,0.7400899,1
0.005037783375314861,0.0010431625322649125,,0.5982814,1
0.0,0.0018002411050410763,,0.72689915,1
0.060453400503778336,0.05516094963763932,,0.042573184,0
0.0025188916876574307,0.0014201096902459968,,0.6657398,1
0.007556675062972292,0.0015096131250177608,,0.5160489,1
0.007556675062972292,0.006537692331908547,,0.45367825,0
0.0,0.0005029060302233478,,0.73949486,1
0.007556675062972292,0.0010174647191660193,,0.52237403,1
0.0025188916876574307,0.0003905447951867944,,0.6774299,1
0.0,-1.3769759195656038e-06,,0.744131,1
0.005037783375314861,0.0012478844271063287,,0.59574556,1
0.0025188916876574307,0.001288660126524465,,0.6672441,1
0.027707808564231738,0.0036774379517868754,,0.212955,0
0.035264483627204024,0.008754744047802134,,0.16054317,0
0.010075566750629723,0.003836151638715806,,0.41443804,0
0.0025188916876574307,0.003432542784492132,,0.64230204,1
0.0,0.00030887291095755957,,0.74128664,1
0.0,0.0003788404998704868,,0.7406423,1
0.0,0.0006545971399624937,,0.7380831,1
0.005037783375314861,0.00032883906179126084,1.0,0.6070875,1
0.005037783375314861,0.0028844375197090433,,0.5753008,1
0.005037783375314861,0.0009687541960113862,,0.59920174,1
0.047858942065491177,0.017353579997111446,,0.09750137,0
0.027707808564231738,0.007670151752557288,0.0,0.20498593,0
0.012594458438287152,0.0018004648636280056,,0.37116867,0
0.005037783375314861,0.001367010056347748,,0.59426767,1
0.0025188916876574307,0.0005172265797868301,,0.6760031,1
0.0,0.0004995840758173957,0.0,0.73952574,1
0.010075566750629723,0.0013663732049849489,,0.44306862,0
0.0,0.0016268626245687719,,0.7286347,1
0.047858942065491177,0.01157139992787056,,0.103534795,0
0.005037783375314861,0.001020080973413194,,0.598567,1
0.007556675062972292,0.004153561800374671,,0.48249313,0
0.0025188916876574307,7.158553561841685e-05,1.0,0.68100786,1
0.0,0.0010730256975204915,,0.73407865,1
0.0,0.00021417139208943514,,0.742157,1
0.027707808564231738,0.01425180404069797,,0.19250447,0
0.0,0.0018383833380130432,,0.72651386,1
0.0,0.00035978659558349774,1.0,0.74081784,1
0.015113350125944586,0.002121644496866683,,0.32354116,0
0.0,0.0003952781499103012,,0.7404908,1
0.0,0.0004288075135517236,,0.74018157,1
0.0025188916876574307,0.0002557732770593109,1.0,0.6789443,1
0.035264483627204024,0.006376345178533448,,0.16431142,0
0.007556675062972292,0.002105224059025863,0.0,0.50838745,1
0.007556675062972292,0.0017978658215798255,,0.51234186,1
0.005037783375314861,0.0007231877529558552,,0.60223424,1
0.005037783375314861,0.0015570155210488069,,0.59190685,1
0.0,0.00015764653059126708,,0.7426756,1
0.010075566750629723,0.0024469378456650624,,0.4301898,0
0.020151133501259445,0.004840431813451984,0.0,0.26337492,0
0.015113350125944586,0.003790831918763102,,0.31380248,0
0.015113350125944586,0.005221441050395787,,0.30743784,0
0.005037783375314861,0.002724329644661553,0.0,0.57731354,1
0.0,0.0005847844608405175,,0.7387335,1
0.010075566750629723,0.009128179917188324,,0.36184838,0
0.005037783375314861,0.0011037322605268044,,0.5975317,1
0.005037783375314861,0.004236713933717439,,0.5582075,1
0.04030226700251889,0.013784957567368245,,0.12999552,0
0.0,0.00034553489481599375,,0.7409491,1
0.010075566750629723,0.0034517515985700727,,0.4187718,0
0.0,0.0007732752520300541,,0.7369596,1
0.0025188916876574307,0.002277879627140395,,0.6558416,1
0.010075566750629723,0.0006047506116742188,,0.45219335,0
0.0025188916876574307,0.00558139976796923,,0.61650425,1
0.015113350125944586,0.0019359765063122554,0.0,0.32466787,0
0.0025188916876574307,0.0007213804720614253,1.0,0.67369676,1
0.012594458438287152,0.007798537544857787,,0.32808542,0
0.0025188916876574307,0.0009482200426108641,,0.6711242,1
0.198992443324937,0.06870152840368267,,0.00020133561,0
0.012594458438287152,0.008317175524962174,,0.32492608,0
0.010075566750629723,0.0023634414683424026,,0.43118182,0
0.0,0.0005461430740977078,,0.73909295,1
0.0,0.0003939011739907356,0.0,0.74050343,1
0.005037783375314861,0.0024854243226169206,,0.58031213,1
0.03778337531486146,0.012201486896464785,0.0,0.14327516,0
0.007556675062972292,0.00042033911164639513,,0.5300385,1
0.02518891687657431,0.0066129784903107966,,0.22322364,0
0.012594458438287152,0.0020284060149130968,0.0,0.3691394,0
0.07052896725440806,0.04077165455137273,,0.034343675,0
0.005037783375314861,0.0016150722682574917,,0.5911846,1
0.04282115869017632,0.008751611427585121,,0.1259489,0
0.005037783375314861,0.0013858746264457968,,0.5940335,1
0.0025188916876574307,0.0011179151124983302,,0.66919297,1
0.007556675062972292,0.002079233638544062,,0.50872195,1
0.010075566750629723,0.0024207753031933155,,0.43050054,0
0.04030226700251889,0.012416880354682835,,0.13179214,0
0.0025188916876574307,0.0010509596584094528,1.0,0.6699556,1
0.010075566750629723,0.00134291297775535,0.0,0.44334912,0
0.012594458438287152,0.0037537740543277932,,0.35505417,0
0.0025188916876574307,0.0002915918631670112,,0.67854214,1
0.027707808564231738,0.008460828537770854,,0.20343433,0
0.015113350125944586,0.0011772627746316079,,0.32929304,0
0.0,0.00014785278936335674,0.0,0.74276537,1
0.005037783375314861,0.0032708341749381467,1.0,0.57043314,1
0.0,0.00010273961579858863,,0.7431787,1
0.010075566750629723,0.015065648445758225,,0.32368454,0
0.005037783375314861,0.004469302378731064,,0.55525243,1
0.0,0.0007859950670870415,,0.73683774,1
0.010075566750629723,0.0018355433251789394,,0.4374663,0
0.0,0.0008882527413137821,1.0,0.7358569,1
0.005037783375314861,0.000979047091010139,,0.5990745,1
0.005037783375314861,0.0008172007838641969,0.0,0.60107416,1
0.010075566750629723,0.006311696159109842,,0.38692516,0
0.007556675062972292,0.002269118617852159,,0.5062784,1
0.0,0.00072339429934379,,0.737437,1
0.0,0.0006219628106687888,,0.7383873,1
0.020151133501259445,0.01534508849643507,,0.23891738,0
0.0025188916876574307,0.0010975358688887593,,0.66942525,1
0.10831234256926953,0.010517135527254149,,0.011947508,0
0.012594458438287152,0.0027313177974533486,,0.3632458,0
0.0025188916876574307,0.0015171520681773827,0.0,0.664627,1
0.0025188916876574307,0.002208101372416408,,0.656652,1
0.005037783375314861,0.001577859494031231,1.0,0.5916476,1
0.0,0.0005273817771936263,1.0,0.7392674,1
0.005037783375314861,0.001123853321151457,1.0,0.5972825,1
0.0025188916876574307,0.0007493330832286072,,0.67338026,1
0.0,0.0005082245997126699,,0.73944545,1
0.007556675062972292,0.0018780058200985434,,0.5113109,1
0.005037783375314861,0.0016587224049077213,,0.59064144,1
0.0,0.0007344961676952878,,0.7373308,1
0.07304785894206549,0.010527428422252903,,0.043521654,0
0.0,0.0006208440177341417,,0.7383977,1
0.010075566750629723,0.0013369575569032288,,0.44342032,0
0.0,0.00028701341823445556,,0.7414876,1
0.0,0.006639175457180532,,0.6749354,1
0.010075566750629723,0.0146267029469987,,0.3258396,0
0.005037783375314861,0.0012450616264712193,,0.5957806,1
0.030226700251889168,0.013897163892613848,,0.17875916,0
0.0025188916876574307,0.001433672903053718,,0.6655843,1
0.0,0.0003660001994205375,,0.7407606,1
0.0,0.00018568520275342169,0.0,0.7424184,1
0.0025188916876574307,0.0032613158288941494,,0.6443249,1
0.007556675062972292,0.002453771088665906,,0.50390196,1
0.04534005037783375,0.006541719986473277,,0.11856178,0
0.0025188916876574307,0.001003712172169358,,0.6704933,1
0.0,0.0005679853546218172,,0.7388898,1
0.03778337531486146,0.008657770518666726,,0.14837016,0
0.010075566750629723,0.0017476922615106538,,0.43851417,0
0.0,0.00030956139891734233,,0.74128026,1
0.015113350125944586,0.004458458693364485,,0.3105228,0
0.0025188916876574307,0.0006545627155645045,,0.67445254,1
0.0,0.00019000546470105878,1.0,0.7423788,1
0.015113350125944586,0.003663341160810322,1.0,0.3144845,0
0.0,0.00034701514392952677,0.0,0.74093544,1
0.0,0.0006808113190312239,,0.7378386,1
0.0,0.000528362872536317,,0.7392583,1
0.005037783375314861,0.0005846983998455446,,0.60394096,1
0.0,0.00017812904739480543,,0.7424878,1
0.007556675062972292,0.0018369375132974994,,0.5118392,1
0.0,0.0003632634597804009,,0.74078584,1
0.0,0.0006239077891551753,,0.7383691,1
0.047858942065491177,0.011816604914747205,,0.10327234,0
0.0,0.00021597867298386498,,0.7421404,1
0.0,0.00045691503450985663,,0.7399219,1
0.010075566750629723,0.005426008035446251,,0.3966612,0
0.0,0.0002074069978845691,,0.7422191,1
0.007556675062972292,0.005387779741479312,,0.46752077,0
0.0,0.0007492125978356451,,0.73719,1
0.010075566750629723,0.0028007001716004606,,0.42614007,0
0.0,0.00023064346652723866,,0.7420057,1
0.0,0.00018296567531227961,,0.7424433,1
0.0,0.0005907743060906279,,0.7386777,1
0.005037783375314861,0.0011364354386164876,,0.5971267,1
0.0,0.0007276973490924327,,0.7373959,1
0.005037783375314861,0.001708930389374882,1.0,0.59001625,1
0.0,0.000183671375471057,,0.7424369,1
0.005037783375314861,0.02132582849327732,,0.36696377,0
0.007556675062972292,0.002315350584351574,,0.5056834,1
0.0,0.0013241000442542848,,0.7316222,1
0.0,0.0006159729654186784,0.0,0.738443,1
0.010075566750629723,0.002735603635002996,,0.42687866,0
0.0025188916876574307,0.0007168880881238426,0.0,0.67374754,1
0.0,3.61456178885971e-05,,0.74378806,1
0.005037783375314861,0.0018875758027395247,,0.5877896,1
0.0025188916876574307,0.0008770820241663062,,0.6719321,1
0.3173803526448362,0.2175368417222464,,4.3527956e-07,0
0.010075566750629723,0.028703114679941997,,0.28477466,0
0.0025188916876574307,0.0007810035293786161,,0.67302155,1
0.0,0.002174881828356888,,0.72310054,1
0.020151133501259445,0.014894817370737116,0.0,0.23984966,0
0.010075566750629723,0.0046990163865125965,,0.4047592,0
0.0025188916876574307,0.00018666629809611216,1.0,0.6797194,1
0.017632241813602016,0.002810545549425354,,0.29140413,0
0.0,0.000514145596166802,,0.73939043,1
0.0025188916876574307,0.0011926849049307424,1.0,0.66834027,1
0.022670025188916875,0.00294622931409955,,0.24908145,0
0.0,9.036404472149276e-05,,0.74329203,1
0.0,0.00018761296904081355,,0.74240077,1
0.0,0.0008676497391172817,,0.73605466,1
0.0025188916876574307,0.0010322327859033605,,0.6701688,1
0.007556675062972292,0.0026935025962622782,,0.5008164,1
0.022670025188916875,0.009451132406923442,,0.23410214,0
0.0,0.0004969506093712266,,0.73955023,1
0.012594458438287152,0.001832668887946846,0.0,0.37088168,0
0.005037783375314861,0.001648481146505952,,0.5907689,1
0.005037783375314861,0.0017214436580439345,,0.5898604,1
0.005037783375314861,0.0005802232281069564,,0.60399604,1
0.04534005037783375,0.011157534324266022,,0.113105476,0
0.007556675062972292,0.0010168450800022149,,0.522382,1
0.0,0.00027832125774219775,0.0,0.74156755,1
0.020151133501259445,0.0029918244292361663,1.0,0.26876,0
0.017632241813602016,0.007875407225567536,,0.2749988,0
0.012594458438287152,0.0015351043917287191,,0.3736696,0
0.005037783375314861,0.0005826157237672016,,0.6039666,1
0.012594458438287152,0.0020827810727568428,,0.36865598,0
0.09571788413098237,0.021824465898150014,,0.016712662,0
0.06801007556675064,0.022927251487732118,,0.045394365,0
0.0025188916876574307,0.0006622737807140718,,0.67436534,1
0.0,0.000187234300662933,,0.7424042,1
0.0,0.00027276171746695157,1.0,0.74161863,1
0.0,0.0006571617576126846,,0.7380592,1
0.0,0.0003421957282110472,,0.74097985,1
0.012594458438287152,0.003353659276500018,1.0,0.35824996,0
0.0,0.00020921427877899896,,0.7422025,1
0.0025188916876574307,0.0016540062623832089,,0.6630547,1
0.0025188916876574307,0.0016962105743178948,,0.6625691,1
0.005037783375314861,0.002015255894881245,,0.58619595,1
0.0,0.00012005508798712609,,0.7430201,1
0.005037783375314861,0.0015177372829431979,1.0,0.59239525,1
0.0025188916876574307,0.0009784274518463347,,0.67078084,1
0.0,0.0004756419070159488,,0.7397481,1
0.0,0.0008693021102207604,,0.7360388,1
0.0,0.00011050231754513973,1.0,0.7431076,1
0.0025188916876574307,0.0006687455675360302,,0.67429215,1
0.03778337531486146,0.010269107739742395,,0.14603512,0
0.005037783375314861,0.0011352477968858622,1.0,0.5971414,1
0.007556675062972292,0.002616632915552528,,0.5018058,1
0.027707808564231738,0.0038539146280782014,,0.21259804,0
0.010075566750629723,0.004438871210908664,,0.4076698,0
0.005037783375314861,0.0008520899112261904,,0.6006434,1
0.0,0.0005845434900545936,0.0,0.73873574,1
0.0025188916876574307,0.0004909263397231269,,0.6762996,1
0.02518891687657431,0.0035795349639057604,,0.22983819,0
0.027707808564231738,0.009646318743521867,,0.20112383,0
0.005037783375314861,0.0014134141448371089,1.0,0.59369147,1
0.02518891687657431,0.009042652500384305,0.0,0.21815747,0
0.012594458438287152,0.0033013169793575303,0.0,0.35866898,0
0.0025188916876574307,0.0014325885345170598,,0.6655968,1
0.0,0.00017900686954352852,,0.7424797,1
0.047858942065491177,0.013815199401001706,0.0,0.10115524,0
0.005037783375314861,0.0007185920958243051,,0.60229087,1
0.0025188916876574307,0.0014637254024982371,,0.66523993,1
0.0025188916876574307,0.0008473737687016782,,0.6722691,1
0.007556675062972292,0.0011277432781242299,1.0,0.52095723,1
0.0,0.0004051235277351953,,0.74039996,1
0.005037783375314861,0.002306383028675403,,0.58255553,1
0.10831234256926953,0.037444278302737416,,0.008761599,0
0.017632241813602016,0.004123319966741212,,0.28689864,0
0.08060453400503778,0.010523108160305265,,0.03311963,0
0.015113350125944586,0.0014237586764328455,,0.32778674,0
0.0327455919395466,0.0008361514149572186,,0.1878553,0
0.005037783375314861,0.000853983253115593,1.0,0.60062003,1
0.0,0.00030081760182810075,0.0,0.74136066,1
0.005037783375314861,0.0006884018987878293,1.0,0.60266316,1
0.0,0.0002811268461783126,,0.7415418,1
0.02518891687657431,0.006501150833443075,,0.2234652,0
0.04282115869017632,0.01015361388448883,,0.124177955,0
0.007556675062972292,0.0014989071372431384,,0.5161866,1
0.0025188916876574307,0.00024165927388376346,,0.67910266,1
0.0025188916876574307,0.0005135259570029975,,0.6760448,1
0.0,0.00017052125543920546,,0.7425575,1
0.015113350125944586,0.0053627876285391955,,0.3068682,0
0.04030226700251889,0.011886606928058121,,0.13249415,0
0.08564231738035265,0.013282912147094626,,0.026708325,0
0.012594458438287152,0.003933813655810995,0.0,0.35362032,0
0.06801007556675064,0.04970657589825001,,0.034261853,0
0.005037783375314861,0.0008476319516865968,,0.6006985,1
0.007556675062972292,0.0011335610013843945,,0.5208825,1
0.005037783375314861,0.003857167733688175,,0.56302094,1
0.0025188916876574307,0.0010364325624580356,,0.6701211,1
0.035264483627204024,0.007790671569917269,,0.1620487,0
0.0,0.0015806822946663407,0.0,0.72909176,1
0.0,0.0002523308372603969,,0.7418065,1
0.012594458438287152,0.0014341204202275768,,0.374626,0
0.06297229219143577,0.016636227179614754,,0.058243886,0
0.0,0.0006298459978083019,0.0,0.7383138,1
0.005037783375314861,0.001315287398369065,,0.59490955,1
0.0,0.0009238992054315366,1.0,0.73551446,1
0.035264483627204024,0.006477535696422525,,0.16414362,0
0.005037783375314861,0.0013529476897691842,,0.59444225,1
0.05289672544080604,0.013911295107988391,,0.08516111,0
0.010075566750629723,0.0016230587285909722,,0.44000164,0
0.0,0.0005229238176540327,0.0,0.73930883,1
0.0025188916876574307,0.0004831636379765758,,0.6763871,1
0.012594458438287152,0.004204354999607647,,0.3514787,0
0.02518891687657431,0.007797711359306048,,0.22073248,0
0.0,0.0005956797828040805,,0.738632,1
0.010075566750629723,0.0015294415782595057,,0.44111973,0
0.0,0.0003719900446706479,1.0,0.7407054,1
0.0025188916876574307,0.001055624164336981,,0.66990256,1
0.07304785894206549,0.017462085699573218,,0.040253293,0
0.0,0.00036954591241341895,,0.7407279,1
0.012594458438287152,0.0015250008309189065,,0.37376523,0
0.015113350125944586,0.005922098034867749,1.0,0.30476254,0
0.005037783375314861,0.002560572783427214,,0.57936954,1
0.007556675062972292,0.0020184917882922243,1.0,0.5095035,1
0.0,5.344387787814e-05,0.0,0.7436299,1
0.0025188916876574307,0.00031818471061362193,0.0,0.67824346,1
0.1385390428211587,0.015611980854044872,1.0,0.003641334,0
0.02518891687657431,0.006007659876069757,1.0,0.2245334,0
0.005037783375314861,0.0008969793262040291,1.0,0.60008883,1
0.017632241813602016,0.0033875673085193205,,0.2894186,0
0.017632241813602016,0.007922276043429752,,0.27487284,0
0.0,0.00040646607925677174,,0.74038756,1
0.005037783375314861,0.0056204026108909256,,0.5405736,1
0.0,0.0001772856496440715,,0.74249554,1
0.005037783375314861,0.0022524227848274257,,0.583231,1
0.020151133501259445,0.002713572020289947,,0.26957652,0
0.0025188916876574307,0.0005033879717951957,,0.67615914,1
0.007556675062972292,0.0011259359972298,,0.5209805,1
0.007556675062972292,0.0007672681945809491,,0.52558696,1
0.005037783375314861,0.000921282951184362,,0.5997886,1
0.0,0.0005802060159079619,,0.7387761,1
0.0,0.00015783586478020737,,0.7426739,1
0.0,0.0005036461547801144,,0.739488,1
0.04030226700251889,0.01356682736951006,,0.13028058,0
0.0,0.00017616685670942444,,0.7425058,1
0.005037783375314861,0.0015271867801912168,1.0,0.59227777,1
0.0,0.0007665797066211664,,0.7370237,1
0.015113350125944586,0.0013939987843712338,,0.32796842,0
0.0,0.0008224505045575407,,0.73648834,1
0.0,0.0003098367941012555,,0.7412777,1
0.022670025188916875,0.005655773679824767,,0.24267785,0
0.0025188916876574307,0.0010195473952443624,,0.6703132,1
0.0,0.0005236811544097938,,0.7393018,1
0.007556675062972292,0.0020417626813328833,,0.50920403,1
0.0,0.0005979173686733745,0.0,0.7386112,1
0.012594458438287152,0.0015504232488338864,,0.37352458,0
0.0,0.0002675119967736077,,0.741667,1
0.027707808564231738,0.00640347160414889,,0.20748986,0
0.0025188916876574307,0.00045206119439338775,,0.6767374,1
0.0,0.0003631085499894497,,0.74078727,1
0.007556675062972292,0.0011860926327158221,,0.5202075,1
0.007556675062972292,0.0011266589095875717,,0.5209712,1
0.0025188916876574307,0.000559740711303418,,0.6755235,1
0.027707808564231738,0.002663226338230829,,0.21503691,0
0.0,0.00043600221273145393,0.0,0.74011517,1
0.23173803526448364,0.06736463969557542,,5.9101192e-05,0
0.02518891687657431,0.006719212182505283,,0.22299434,0
0.012594458438287152,0.0050188534682296965,,0.34555164,0
0.010075566750629723,0.0015987551036106393,,0.44029188,0
0.017632241813602016,0.0017247484002508918,,0.29516187,0
0.0025188916876574307,0.0008280272570317814,,0.6724886,1
0.0,0.0006719470365490202,,0.73792136,1
0.0,0.00015898908211284355,0.0,0.74266326,1
0.047858942065491177,0.00463820568746478,,0.111202605,0
0.017632241813602016,0.004922172546477197,,0.28417742,0
0.0025188916876574307,0.0025950832424113265,,0.6521461,1
0.0,0.00121060280408409,,0.73273677,1
0.06297229219143577,0.008597252427001816,0.0,0.06356669,0
0.0025188916876574307,0.00035204110603594124,,0.677863,1
0.0,0.0002077512418644605,,0.74221593,1
0.0025188916876574307,0.00018460083421676377,,0.67974246,1
0.0,0.00023339741836636986,1.0,0.74198043,1
0.012594458438287152,0.0013536533899279617,,0.37538883,0
0.02518891687657431,0.006587263465012909,,0.22327915,0
0.0,0.00016859348915181362,,0.74257517,1
0.012594458438287152,0.002184933752569717,,0.36774853,0
0.020151133501259445,0.004769001187624518,,0.26358172,0
0.012594458438287152,0.0027267393525207927,,0.36328265,0
0.005037783375314861,0.0012072120008821596,,0.5962498,1
0.0,0.00046209590640722216,,0.7398739,1
0.0025188916876574307,0.0009479618596259455,,0.6711272,1
0.0,5.0345682059117396e-05,,0.7436582,1
0.0,0.00032148945282057937,,0.74117047,1
0.0025188916876574307,0.000957669539858883,0.0,0.6710168,1
0.0,0.0005265211672438978,,0.73927546,1
0.005037783375314861,0.00045670848812192163,0.0,0.6055161,1
0.0025188916876574307,0.0014072693897960473,,0.6658869,1
0.007556675062972292,0.0013064059036878668,0.0,0.51866126,1
0.012594458438287152,0.00428650882540873,,0.3508583,0
0.0,0.0029090853886692683,,0.71553016,1
0.0025188916876574307,0.0011587940851104342,,0.6687269,1
0.022670025188916875,0.005841940824150037,,0.24225236,0
0.012594458438287152,0.0024601740266918864,,0.36543173,0
0.030226700251889168,0.010808383146441268,,0.18408725,0
0.027707808564231738,0.004814252058781243,,0.21066327,0
0.012594458438287152,0.003160693313571893,1.0,0.35979578,0
0.0025188916876574307,0.0007543246209370325,,0.67332375,1
0.005037783375314861,0.0022598068181960964,,0.5831386,1
0.0025188916876574307,0.0012597780566115766,,0.66757417,1
0.0,0.000570033606302171,0.0,0.73887074,1
0.05289672544080604,0.010185490877026774,,0.08856631,0
0.0025188916876574307,0.0008337589192969734,,0.6724236,1
0.04030226700251889,0.005764279382286537,1.0,0.14083062,0
0.0,6.437362423969199e-06,,0.74405956,1
0.0025188916876574307,0.0004145558127842197,,0.6771598,1
0.005037783375314861,0.0010020425888668846,,0.59879005,1
0.0,0.00027315759804382665,,0.74161506,1
0.0,0.00017561606634159825,,0.7425108,1
0.0,0.0018232021784998326,,0.7266673,1
0.012594458438287152,0.003370596080310675,0.0,0.35811445,0
0.0025188916876574307,0.001472417562990495,,0.6651402,1
0.005037783375314861,0.00146641050554139,,0.59303313,1
0.07556675062972293,0.03488637341015436,,0.030401869,0
0.007556675062972292,0.0006030121795757671,0.0,0.52769506,1
0.0,0.00029141974117706553,,0.74144715,1
0.0,0.0003337273263057187,,0.7410578,1
0.005037783375314861,0.0025433605844326435,,0.57958555,1
0.007556675062972292,0.0005504977604433339,1.0,0.5283689,1
0.0025188916876574307,0.0019176971509800222,,0.660015,1
0.022670025188916875,0.0011161422560018895,,0.25415388,0
0.0,0.0002159614607848704,,0.7421406,1
0.0025188916876574307,0.0005196879242430536,0.0,0.6759753,1
0.0,0.0005583637353838524,,0.73897934,1
0.005037783375314861,0.002234195066092176,,0.583459,1
0.0025188916876574307,0.0008732953403875007,,0.671975,1
0.005037783375314861,0.001187985974605225,,0.59648806,1
0.02518891687657431,0.0046228007693646395,,0.22754864,0
0.007556675062972292,0.0018190024019451574,,0.51206994,1
0.0,0.0001613643655740942,,0.7426415,1
0.0,0.00032980294493495675,,0.741094,1
0.015113350125944586,0.014589077079996569,,0.27835906,0
0.0,0.0001771651642511095,0.0,0.7424966,1
0.017632241813602016,0.005150165334359271,0.0,0.28340366,0
0.0025188916876574307,0.0003735907791771429,,0.67762065,1
0.030226700251889168,0.004317748966583875,,0.19615635,0
0.0,0.00034183427203216124,,0.7409831,1
0.0,0.00026721938939070004,,0.74166965,1
0.010075566750629723,0.0007123440675892761,,0.45090222,0
0.0025188916876574307,0.00043607106152743224,0.0,0.67691755,1
0.027707808564231738,0.007911415145864178,,0.20451157,0
0.007556675062972292,0.0004767434877516013,,0.529315,1
0.022670025188916875,0.002957795911823901,,0.24905086,0
0.0,0.00013107089534365095,,0.7429192,1
0.0,0.00022694284374340609,,0.74203974,1
0.022670025188916875,0.006502131928785766,,0.24074785,0
0.007556675062972292,0.0024254398091208443,,0.5042666,1
0.0025188916876574307,0.0007950831081561744,,0.67286205,1
0.0025188916876574307,0.00023425802831609837,,0.6791857,1
0.005037783375314861,0.0011170717147475963,,0.5973665,1
0.05037783375314861,0.020017701369689996,,0.08711773,0
0.0025188916876574307,0.000511064612546774,0.0,0.6760726,1
0.0,0.00019095213564576012,,0.7423701,1
0.0,0.0004959350896305469,,0.73955965,1
0.0,0.0017158496933706992,,0.7277503,1
0.0025188916876574307,0.0006974383032599784,,0.67396766,1
0.005037783375314861,0.002939688678481613,,0.5746057,1
0.0025188916876574307,0.00061511235546895,,0.67489827,1
0.012594458438287152,0.005458625152540962,,0.34268615,0
0.015113350125944586,0.0015049314068912379,0.0,0.32729146,0
0.0,9.90217808157615e-05,,0.74321276,1
0.04030226700251889,0.007589460963670745,,0.1383005,0
0.0327455919395466,0.008796259871777035,,0.17362389,0
0.0,0.0005312200975694155,,0.73923177,1
0.0,6.230816036034359e-05,,0.74354875,1
0.020151133501259445,0.0021074960692931462,,0.2713605,0
0.007556675062972292,0.0023666601495543876,,0.5050231,1
0.0,0.0008561175657909197,0.0,0.7361654,1
0.015113350125944586,0.009766907409677825,,0.2913167,0
0.012594458438287152,0.003167044615000889,,0.35974485,0
0.04282115869017632,0.016153201239230135,,0.11683951,0
0.0025188916876574307,0.00041052815821949025,0.0,0.6772051,1
0.010075566750629723,0.0010296853804521641,,0.447098,0
0.0,0.00013571818907218483,,0.74287665,1
0.0,0.0003673943875390977,,0.74074775,1
0.012594458438287152,0.0011661436940811154,,0.37716877,0
0.0,0.00036181763506485705,0.0,0.74079907,1
0.0,0.0004924754376326383,,0.7395918,1
0.0025188916876574307,0.000749901085795428,,0.6733738,1
0.0,0.00025730516276982766,,0.7417608,1
0.0025188916876574307,0.000963676597307988,,0.6709485,1
0.017632241813602016,0.003722430639958681,,0.28827006,0
0.0025188916876574307,0.00048028920074448273,,0.67641944,1
0.010075566750629723,0.003518259535485091,,0.41802105,0
0.005037783375314861,0.0011689837069152197,1.0,0.5967235,1
0.0025188916876574307,0.0006311541249318891,1.0,0.67471707,1
0.0,0.0005301701534307467,,0.7392415,1
0.015113350125944586,0.00500508370903404,,0.3083109,0
0.0025188916876574307,0.0005169511846029169,,0.6760062,1
0.0,4.836627917474184e-05,,0.7436763,1
0.010075566750629723,0.002381875733465587,,0.43096274,0
0.005037783375314861,0.0017487766300473117,,0.5895199,1
0.017632241813602016,0.012860937876543747,,0.26266629,0
0.0,0.00042145790458104226,,0.74024934,1
0.005037783375314861,0.000617349941338244,,0.60353875,1
0.0025188916876574307,0.0008931754302262291,,0.67174935,1
0.0025188916876574307,0.0005262457720599848,,0.67590135,1
0.0,0.00035069855451436475,,0.7409016,1
0.0,0.0005333888346427313,,0.73921156,1
0.0,0.0015406983564019545,,0.72948706,1
0.0025188916876574307,0.0004899796687784257,,0.67631024,1
0.08816120906801007,0.020518834543416905,0.0,0.022414148,0
0.0025188916876574307,0.0007006053478749795,,0.67393184,1
0.07556675062972293,0.017543051883643676,0.0,0.0367174,0
0.0,0.00025955996083811635,,0.7417401,1
0.010075566750629723,0.0024983162596638538,,0.42957965,0
0.11335012594458438,0.15251517819040888,,0.002030873,0
0.11335012594458438,0.04528261045167065,,0.0066502034,0
0.0,0.0006906394846571233,,0.73774695,1
0.005037783375314861,0.0009764824733599481,1.0,0.5991062,1
0.0025188916876574307,0.0003397515959538182,,0.6780011,1
0.012594458438287152,0.0030970770260879622,,0.360306,0
0.0,0.00019072837705883073,,0.74237216,1
0.005037783375314861,0.000747215982752275,,0.6019379,1
0.0025188916876574307,0.001307318150234579,,0.66703075,1
0.007556675062972292,0.003472475086159535,,0.4909193,0
0.010075566750629723,0.0024341491818120967,,0.43034166,0
0.007556675062972292,0.002231561599646007,,0.50676167,1
0.0,0.0003005077822461985,,0.7413635,1
0.0,5.5165097777597005e-05,,0.74361414,1
0.012594458438287152,0.0032251529988065577,,0.35927907,0
0.0,0.0002980292255909804,,0.74138635,1
0.005037783375314861,0.0023180184751957324,,0.58240986,1
0.0025188916876574307,0.00046120087205950457,,0.67663455,1
0.0,0.0004451935269945543,,0.7400303,1
0.0,0.0001940675436637773,,0.7423415,1
0.0025188916876574307,0.001065555603156848,,0.6697895,1
0.0,0.0002391807172285454,1.0,0.74192727,1
0.015113350125944586,0.0018787459446553102,,0.32501557,0
0.007556675062972292,0.002208239070008365,0.0,0.50706184,1
0.0,0.0002505235563659671,,0.7418231,1
0.010075566750629723,0.0026706275837984944,,0.4276162,0
0.007556675062972292,0.0024825843097828165,1.0,0.5035311,1
0.007556675062972292,0.0021534870650066376,,0.5077664,1
0.010075566750629723,0.0013772341025505225,,0.44293875,0
0.007556675062972292,0.0019294186584953245,,0.51064944,1
0.0,0.00123723007592869,,0.7324755,1
0.0025188916876574307,0.002183763323038086,,0.65693444,1
0.0025188916876574307,0.0005176052481647107,,0.6759988,1
0.0,0.0002609713611556711,0.0,0.7417271,1
0.012594458438287152,0.0014798360207571547,0.0,0.37419292,0
0.0,0.00017773316681793033,,0.74249136,1
0.0025188916876574307,0.0004353825735676494,,0.6769253,1
0.012594458438287152,0.003023735846172099,,0.36089468,0
0.015113350125944586,0.0022172066256845356,,0.32296205,0
0.005037783375314861,0.0016197884107820037,1.0,0.59112597,1
0.0,0.0004846610992891034,0.0,0.7396643,1
0.0,0.0010880691594417457,,0.7339335,1
0.16624685138539042,0.02747146135648755,,0.001115196,0
0.0,0.00030233227533962295,1.0,0.7413467,1
0.010075566750629723,0.002697254855643094,,0.4273139,0
0.017632241813602016,0.0033713706292654304,1.0,0.28947425,0
0.005037783375314861,0.0021613014033501723,,0.58437085,1
0.005037783375314861,0.00044120029682781405,0.0,0.60570675,1
0.007556675062972292,0.00104966874348486,0.0,0.5219603,1
0.020151133501259445,0.004276783932976798,,0.26500946,0
0.012594458438287152,0.006132379469984411,1.0,0.33833975,0
0.0,0.00043963398671930824,,0.7400816,1
0.0,0.000962230772592444,,0.7351458,1
0.020151133501259445,0.0064640585446097765,,0.25901243,0
0.010075566750629723,0.0015815256924170745,,0.44049758,0
0.0025188916876574307,0.0005559540275246127,,0.6755662,1
0.020151133501259445,0.004990264005699716,1.0,0.2629415,0
0.007556675062972292,0.003526676300793436,,0.4902485,0
0.0,0.00020422274107057364,0.0,0.7422483,1
0.005037783375314861,0.001232496721205183,,0.59593636,1
0.0,0.000711948187012401,,0.73754656,1
0.007556675062972292,0.002019145851854018,,0.509495,1
0.005037783375314861,0.0009991681516347915,,0.5988257,1
0.0,0.000587366290689703,,0.73870945,1
0.010075566750629723,0.0018918788524881673,,0.43679464,0
0.0025188916876574307,0.0008595772177888284,,0.6721307,1
0.010075566750629723,0.00180929472171222,,0.4377793,0
0.015113350125944586,0.002798015068557307,,0.319454,0
0.0,0.0002764107036538004,,0.74158514,1
0.0,0.0008136894952693046,,0.7365723,1
0.030226700251889168,0.007200207083408542,,0.19072558,0
0.0,0.0005871941686997574,,0.738711,1
0.005037783375314861,0.0006331851644132485,,0.6033437,1
0.020151133501259445,0.008320944996541983,,0.2546032,0
0.005037783375314861,0.000537605823396401,1.0,0.6045208,1
0.005037783375314861,0.0029626669641393643,1.0,0.5743165,1
0.005037783375314861,0.0013478528788667915,0.0,0.5945054,1
0.005037783375314861,0.001161840644332473,,0.596812,1
0.027707808564231738,0.011542466221360688,,0.19746801,0
0.005037783375314861,0.005468814774345747,,0.5425112,1
0.0,0.0005300324558387902,,0.7392428,1
0.0025188916876574307,0.0008375111786777896,,0.67238104,1
0.0,0.000844258360683661,,0.73627913,1
0.0327455919395466,0.014161250661787538,,0.16489679,0
0.0,9.595800939472803e-05,,0.74324083,1
0.0025188916876574307,0.000998307541685063,1.0,0.6705548,1
0.012594458438287152,0.0032284749532125096,,0.35925245,0
0.005037783375314861,0.0010663473643105982,1.0,0.59799445,1
0.04282115869017632,0.015942369013745645,1.0,0.11709089,0
0.0,0.00045316277512904023,,0.73995674,1
0.012594458438287152,0.0014507646166553258,,0.37446833,0
0.0025188916876574307,0.00030928600373342924,0.0,0.6783434,1
0.0,0.0005025617862434564,,0.7394981,1
0.005037783375314861,0.0022854702068970003,,0.5828173,1
0.0,0.0002272010267283247,,0.74203736,1
0.005037783375314861,0.0013390058085835824,1.0,0.5946152,1
0.0025188916876574307,0.0003898046706300279,1.0,0.67743826,1
0.007556675062972292,0.0024418086103646804,,0.5040559,1
0.0,0.00015155341214718928,0.0,0.74273145,1
0.0,0.0017371583957259769,,0.7275356,1
0.07052896725440806,0.01634902442719136,,0.044628248,0
0.0,0.00016766403040610684,,0.74258375,1
0.0,0.0007954273521360658,0.0,0.7367474,1
0.005037783375314861,0.0006735477710555153,,0.60284626,1
0.02518891687657431,0.009649141544156975,1.0,0.21691091,0
0.0,0.0001920020797844289,,0.7423605,1
0.010075566750629723,0.0037673372671355146,,0.4152129,0
0.0,0.00018169197258668146,,0.74245507,1
0.0,0.0002761353084698873,,0.74158764,1
0.0,0.0003753636356735836,,0.74067426,1
0.027707808564231738,0.005298517277493471,1.0,0.20969248,0
0.0025188916876574307,0.001174130154414596,,0.668552,1
0.005037783375314861,0.002033208218432582,,0.5859717,1
0.005037783375314861,0.001482744882387237,,0.5928302,1
0.0,0.0002868412962445099,,0.74148923,1
0.0,0.0011654207817233435,,0.73317957,1
0.0025188916876574307,0.0010287731339054518,,0.6702082,1
0.005037783375314861,0.0022441781415090266,,0.58333415,1
0.007556675062972292,0.0070367772539551,0.0,0.44769126,0
0.0,0.00045466023644156784,,0.7399428,1
0.05289672544080604,0.014089579065174147,,0.08500117,0
0.0,0.00014174245872028437,,0.7428214,1
0.005037783375314861,0.002440448846644109,0.0,0.580876,1
0.0,0.0012474541221314645,,0.73237514,1
0.0,0.00027699591841961584,,0.7415798,1
0.010075566750629723,0.00396705041206951,,0.4129653,0
0.007556675062972292,0.0026478214201306888,,0.5014044,1
0.007556675062972292,0.002464959018012377,,0.50375795,1
0.005037783375314861,0.0010109068713490882,,0.59868044,1
0.0025188916876574307,0.0003286669398013151,0.0,0.6781257,1
0.015113350125944586,0.002110904084694071,1.0,0.32360628,0
0.010075566750629723,0.002217671355057389,,0.43291506,0
0.0025188916876574307,0.0013727761430109289,,0.6662818,1
0.007556675062972292,0.0006866806788883721,,0.52662134,1
0.005037783375314861,0.00173743379090989,,0.58966124,1
0.015113350125944586,0.007512901102542897,,0.29914734,0
0.0,0.00046404088489360857,,0.73985577,1
0.017632241813602016,0.004289486535834791,,0.28633133,0
0.010075566750629723,0.0066840476599593765,,0.3831009,0
0.02518891687657431,0.0048459569293292405,,0.22706103,0
0.007556675062972292,0.0009755013780172576,,0.52291304,1
0.005037783375314861,0.001309968828879743,,0.5949756,1
0.012594458438287152,0.0021763965018684103,,0.36782432,0
0.0,0.00027126425615442396,0.0,0.74163246,1
0.0,0.00037484726970374657,,0.7406791,1
0.0,0.0017757825702697922,0.0,0.727146,1
0.030226700251889168,0.003667472088569019,,0.19739749,0
0.0,0.00018780230322975382,,0.742399,1
0.0025188916876574307,0.0006512923977555361,,0.6744895,1
0.007556675062972292,0.0012899338292500632,,0.518873,1
0.022670025188916875,0.0134078899239942,,0.22573316,0
0.017632241813602016,0.01046482765450965,,0.26817903,0
0.005037783375314861,0.0007063542223391657,,0.6024418,1
0.0,0.0008876331021499776,,0.73586285,1
0.015113350125944586,0.003702722672109898,,0.31427374,0
0.027707808564231738,0.003185668214313014,,0.21395196,0
0.012594458438287152,0.002211061870643474,,0.36751658,0
0.03778337531486146,0.0072574720694634776,,0.15042432,0
0.015113350125944586,0.001069961926099458,,0.32994992,0
0.007556675062972292,0.0013453398978135842,0.0,0.5181608,1
0.0025188916876574307,0.0004422330287674883,,0.6768482,1
0.02518891687657431,0.006675131740880189,,0.22308947,0
0.0025188916876574307,0.0007489888392487157,0.0,0.6733842,1
0.05037783375314861,0.014666704097462081,,0.09206713,0
0.005037783375314861,0.0007675435897648623,0.0,0.6016871,1
0.0025188916876574307,0.000756149114030457,,0.6733031,1
0.007556675062972292,0.000915878320700067,,0.5236788,1
0.020151133501259445,0.017809083631303752,,0.23391111,0
0.0,0.0005015290543037822,,0.7395076,1
0.0,0.0001752373979637177,0.0,0.74251425,1
0.010075566750629723,0.0020887347723890647,,0.43444946,0
0.06801007556675064,0.020685242083296407,1.0,0.046535637,0
0.0,0.00021050519370359173,,0.74219066,1
0.005037783375314861,0.002555736155509739,1.0,0.5794303,1
0.0025188916876574307,0.0006551651425293144,0.0,0.67444575,1
0.04030226700251889,0.009332127263074986,,0.13592045,0
0.0025188916876574307,0.0008369431761109687,0.0,0.6723875,1
